{
  "Black": 0,
  "White": 1,
  "Bright Blue": 7,
  "Light1": 9,
  "Saxony Blue": 10,
  "Blue1": 11,
  "Blue2": 12,
  "Green": 13,
  "Gray": 14,
  "White2": 15,
  "Green2": 16,
  "Rio Red": 17,
  "Torino Red": 18,
  "White3": 19,
  "Light2": 20,
  "Red1": 21,
  "Blaze Red": 22,
  "Silver": 23,
  "Winning Silver": 24,
  "Steel Gray": 25,
  "Brown": 30,
  "Light Brown": 31,
  "Blue3": 32,
  "Gray2": 33,
  "Gray Poly": 34,
  "Gray3": 35,
  "Gray4": 36,
  "Dark Green": 37,
  "White4": 38,
  "Seafoam": 39,
  "Dark Brown": 40,
  "Light Brown2": 41,
  "Red2": 43,
  "Grove Green": 44,
  "Red3": 45,
  "Yellow": 46,
  "Yellow2": 47,
  "Yellow3": 48,
  "Very White": 49,
  "Astra Silver.": 50,
  "Light Green": 51,
  "Agate Green": 52,
  "Petrol Blue": 53,
  "Surf Blue": 54,
  "Bright Brown.": 55,
  "White5": 56,
  "Light Yellow.": 57,
  "Currant Red": 58,
  "Lt.crystal Blue": 59,
  "Lt.titanium": 60,
  "Race Yellow": 61,
  "Brt.currant Red": 62,
  "Crystal Blue.": 63,
  "Silver Poly": 64,
  "MidCurrantRed": 66,
  "MedRegattaBlue": 67,
  "Oxford White.": 68,
  "Alabaster": 69,
  "Elec.CurrantRed": 70,
  "Spinnaker Blue": 71,
  "Dk.titanium": 72,
  "PastelAlabaster": 73,
  "Twilight Blue": 75,
  "Titanium Frost": 76,
  "SandalwoodFrost": 77,
  "Ultra Blue": 79,
  "Silver2": 90,
  "Steel Blue": 91,
  "Medium Gray": 92,
  "Arctic Pearl.": 93,
  "Nassau Blue": 94,
  "Gray5": 95,
  "Silver3": 96,
  "Sapphire Blue": 97,
  "Malachite": 98,
  "Flax": 99,
  "Maui Blue": 100,
  "Sapphire Blue2": 101,
  "Copper Beige.": 102,
  "Bright Blue2.": 103,
  "Med.Flax": 104,
  "Med.Gray": 105,
  "Bright Blue3.": 106,
  "Driftwood": 107,
  "Blue": 108,
  "Steel Gray2": 109,
  "Beechwood": 110,
  "Slate Gray": 111,
  "Sapphire Blue3": 112,
  "Beechwood2": 113,
  "Green3": 114,
  "Bright Red": 115,
  "Sapphire Blue4": 116,
  "Garnet Red": 117,
  "White6": 118,
  "Antelope Beige": 120,
  "Brilliant Red": 121,
  "Gun Metal": 122,
  "Beechwood3": 123,
  "Red4": 124,
  "Bright Blue4.": 125,
  "Pink": 126
}
  