{
  "Landstalker": 400,
  "Bravura": 401,
  "Buffalo": 402,
  "Linerunner": 403,
  "Perennial": 404,
  "Sentinel": 405,
  "Dumper": 406,
  "Fire Truck": 407,
  "Trashmaster": 408,
  "Stretch": 409,
  "Manana": 410,
  "Infernus": 411,
  "Voodoo": 412,
  "Pony": 413,
  "Mule": 414,
  "Cheetah": 415,
  "Ambulance": 416,
  "Leviathan": 417,
  "Moonbeam": 418,
  "Esperanto": 419,
  "Taxi": 420,
  "Washington": 421,
  "Bobcat": 422,
  "Mr. Whoopee": 423,
  "BF Injection": 424,
  "Hunter": 425,
  "Premier": 426,
  "Enforcer": 427,
  "Securicar": 428,
  "Banshee": 429,
  "Predator": 430,
  "Bus": 431,
  "Rhino": 432,
  "Barracks": 433,
  "Hotknife": 434,
  "Trailer 1": 435,
  "Previon": 436,
  "Coach": 437,
  "Cabbie": 438,
  "Stallion": 439,
  "Rumpo": 440,
  "RC Bandit": 441,
  "Romero": 442,
  "Packer": 443,
  "Monster": 444,
  "Admiral": 445,
  "Squalo": 446,
  "Seasparrow": 447,
  "Pizzaboy": 448,
  "Tram": 449,
  "Trailer 2": 450,
  "Turismo": 451,
  "Speeder": 452,
  "Reefer": 453,
  "Tropic": 454,
  "Flatbed": 455,
  "Yankee": 456,
  "Caddy": 457,
  "Solair": 458,
  "Berkley's RC Van": 459,
  "Skimmer": 460,
  "PCJ-600": 461,
  "Faggio": 462,
  "Freeway": 463,
  "RC Baron": 464,
  "RC Raider": 465,
  "Glendale": 466,
  "Oceanic": 467,
  "Sanchez": 468,
  "Sparrow": 469,
  "Patriot": 470,
  "Quadbike": 471,
  "Coastguard": 472,
  "Dinghy": 473,
  "Hermes": 474,
  "Sabre": 475,
  "Rustler": 476,
  "ZR-350": 477,
  "Walton": 478,
  "Regina": 479,
  "Comet": 480,
  "BMX": 481,
  "Burrito": 482,
  "Camper": 483,
  "Marquis": 484,
  "Baggage": 485,
  "Dozer": 486,
  "Maverick": 487,
  "News Chopper": 488,
  "Rancher": 489,
  "FBI Rancher": 490,
  "Virgo": 491,
  "Greenwood": 492,
  "Jetmax": 493,
  "Hotring Racer": 494,
  "Sandking": 495,
  "Blista Compact": 496,
  "Police Maverick": 497,
  "Boxville": 498,
  "Benson": 499,
  "Mesa": 500,
  "RC Goblin": 501,
  "Hotring Racer 2": 502,
  "Hotring Racer 3": 503,
  "Bloodring Banger": 504,
  "Rancher Lure": 505,
  "Super GT": 506,
  "Elegant": 507,
  "Journey": 508,
  "Bike": 509,
  "Mountain Bike": 510,
  "Beagle": 511,
  "Cropduster": 512,
  "Stuntplane": 513,
  "Tanker": 514,
  "Roadtrain": 515,
  "Nebula": 516,
  "Majestic": 517,
  "Buccaneer": 518,
  "Shamal": 519,
  "Hydra": 520,
  "FCR-900": 521,
  "NRG-500": 522,
  "HPV1000": 523,
  "Cement Truck": 524,
  "Towtruck": 525,
  "Fortune": 526,
  "Cadrona": 527,
  "FBI Truck": 528,
  "Willard": 529,
  "Forklift": 530,
  "Tractor": 531,
  "Combine Harvester": 532,
  "Feltzer": 533,
  "Remington": 534,
  "Slamvan": 535,
  "Blade": 536,
  "Freight": 537,
  "Brown Streak": 538,
  "Vortex": 539,
  "Vincent": 540,
  "Bullet": 541,
  "Clover": 542,
  "Sadler": 543,
  "Fire Truck Ladder": 544,
  "Hustler": 545,
  "Intruder": 546,
  "Primo": 547,
  "Cargobob": 548,
  "Tampa": 549,
  "Sunrise": 550,
  "Merit": 551,
  "Utility Van": 552,
  "Nevada": 553,
  "Yosemite": 554,
  "Windsor": 555,
  "Monster 2": 556,
  "Monster 3": 557,
  "Uranus": 558,
  "Jester": 559,
  "Sultan": 560,
  "Stratum": 561,
  "Elegy": 562,
  "Raindance": 563,
  "RC Tiger": 564,
  "Flash": 565,
  "Tahoma": 566,
  "Savanna": 567,
  "Bandito": 568,
  "Freight Train Flatbed": 569,
  "Streak Train Trailer": 570,
  "Kart": 571,
  "Mower": 572,
  "Dune": 573,
  "Sweeper": 574,
  "Broadway": 575,
  "Tornado": 576,
  "AT-400": 577,
  "DFT-30": 578,
  "Huntley": 579,
  "Stafford": 580,
  "BF-400": 581,
  "Newsvan": 582,
  "Tug": 583,
  "Trailer (Tanker Commando)": 584,
  "Emperor": 585,
  "Wayfarer": 586,
  "Euros": 587,
  "Hotdog": 588,
  "Club": 589,
  "Box Freight": 590,
  "Trailer 3": 591,
  "Andromada": 592,
  "Dodo": 593,
  "RC Cam": 594,
  "Launch": 595,
  "Police LS": 596,
  "Police SF": 597,
  "Police LV": 598,
  "Police Ranger": 599,
  "Picador": 600,
  "S.W.A.T.": 601,
  "Alpha": 602,
  "Phoenix": 603,
  "Glendale Damaged": 604,
  "Sadler Damaged": 605,
  "Baggage Trailer (covered)": 606,
  "Baggage Trailer (Uncovered)": 607,
  "Trailer (Stairs)": 608,
  "Boxville Mission": 609,
  "Farm Trailer": 610,
  "Street Clean Trailer": 611    
}